<?xml version="1.0" encoding="UTF-8"?>
<metadata xml:lang="zh"><Esri><CreaDate>20250310</CreaDate><CreaTime>15091000</CreaTime><ArcGISFormat>1.0</ArcGISFormat><SyncOnce>FALSE</SyncOnce><DataProperties><itemProps><itemName Sync="TRUE">2021_total_dissolve_whole_year</itemName><imsContentType Sync="TRUE">002</imsContentType><itemSize Sync="TRUE">0.000</itemSize><itemLocation><linkage Sync="TRUE">file://\\DESKTOP-PMPPPQ1\H$\detect\CPIS_analysis\cpis\temp\2021_total_dissolve_whole_year.shp</linkage><protocol Sync="TRUE">Local Area Network</protocol></itemLocation></itemProps><coordRef><type Sync="TRUE">Geographic</type><geogcsn Sync="TRUE">GCS_WGS_1984</geogcsn><csUnits Sync="TRUE">Angular Unit: Degree (0.017453)</csUnits><peXml Sync="TRUE">&lt;GeographicCoordinateSystem xsi:type='typens:GeographicCoordinateSystem' xmlns:xsi='http://www.w3.org/2001/XMLSchema-instance' xmlns:xs='http://www.w3.org/2001/XMLSchema' xmlns:typens='http://www.esri.com/schemas/ArcGIS/3.0.0'&gt;&lt;WKT&gt;GEOGCS[&amp;quot;GCS_WGS_1984&amp;quot;,DATUM[&amp;quot;D_WGS_1984&amp;quot;,SPHEROID[&amp;quot;WGS_1984&amp;quot;,6378137.0,298.257223563]],PRIMEM[&amp;quot;Greenwich&amp;quot;,0.0],UNIT[&amp;quot;Degree&amp;quot;,0.0174532925199433],AUTHORITY[&amp;quot;EPSG&amp;quot;,4326]]&lt;/WKT&gt;&lt;XOrigin&gt;-400&lt;/XOrigin&gt;&lt;YOrigin&gt;-400&lt;/YOrigin&gt;&lt;XYScale&gt;11258999068426.238&lt;/XYScale&gt;&lt;ZOrigin&gt;-100000&lt;/ZOrigin&gt;&lt;ZScale&gt;10000&lt;/ZScale&gt;&lt;MOrigin&gt;-100000&lt;/MOrigin&gt;&lt;MScale&gt;10000&lt;/MScale&gt;&lt;XYTolerance&gt;8.983152841195215e-09&lt;/XYTolerance&gt;&lt;ZTolerance&gt;0.001&lt;/ZTolerance&gt;&lt;MTolerance&gt;0.001&lt;/MTolerance&gt;&lt;HighPrecision&gt;true&lt;/HighPrecision&gt;&lt;LeftLongitude&gt;-180&lt;/LeftLongitude&gt;&lt;WKID&gt;4326&lt;/WKID&gt;&lt;LatestWKID&gt;4326&lt;/LatestWKID&gt;&lt;/GeographicCoordinateSystem&gt;</peXml></coordRef><lineage><Process ToolSource="d:\arcgispro\pro\Resources\ArcToolbox\toolboxes\Data Management Tools.tbx\Merge" Date="20250310" Time="150909">Merge 'G:\Sentinel\Algeria\2021\autumn\utm_ndvi\UTM 30_N\S2A_MSIL1C_20211128T104411_N0500_R008_T30RYS_20230106T071146\S2A_MSIL1C_20211128T104411_N0500_R008_T30RYS_20230106T071146.shp';'G:\Sentinel\Algeria\2021\autumn\utm_ndvi\UTM 30_N\S2A_MSIL2A_20211125T103351_N0500_R108_T30RYQ_20230106T072209\S2A_MSIL2A_20211125T103351_N0500_R108_T30RYQ_20230106T072209.shp';'G:\Sentinel\Algeria\2021\autumn\utm_ndvi\UTM 30_N\S2B_MSIL1C_20210904T103619_N0500_R008_T30RYR_20230128T161100\S2B_MSIL1C_20210904T103619_N0500_R008_T30RYR_20230128T161100.shp' "G:\Sentinel\Algeria\2021\autumn\utm_processing_result_ndvi\UTM 30_N\UTM 30_N.shp" "score "score" true true false 32 Text 0 0,First,#,G:\Sentinel\Algeria\2021\autumn\utm_ndvi\UTM 30_N\S2A_MSIL1C_20211128T104411_N0500_R008_T30RYS_20230106T071146\S2A_MSIL1C_20211128T104411_N0500_R008_T30RYS_20230106T071146.shp,score,0,32,G:\Sentinel\Algeria\2021\autumn\utm_ndvi\UTM 30_N\S2A_MSIL2A_20211125T103351_N0500_R108_T30RYQ_20230106T072209\S2A_MSIL2A_20211125T103351_N0500_R108_T30RYQ_20230106T072209.shp,score,0,32,G:\Sentinel\Algeria\2021\autumn\utm_ndvi\UTM 30_N\S2B_MSIL1C_20210904T103619_N0500_R008_T30RYR_20230128T161100\S2B_MSIL1C_20210904T103619_N0500_R008_T30RYR_20230128T161100.shp,score,0,32;ndvi "ndvi" true true false 32 Double 16 31,First,#,G:\Sentinel\Algeria\2021\autumn\utm_ndvi\UTM 30_N\S2A_MSIL1C_20211128T104411_N0500_R008_T30RYS_20230106T071146\S2A_MSIL1C_20211128T104411_N0500_R008_T30RYS_20230106T071146.shp,ndvi,-1,-1,G:\Sentinel\Algeria\2021\autumn\utm_ndvi\UTM 30_N\S2A_MSIL2A_20211125T103351_N0500_R108_T30RYQ_20230106T072209\S2A_MSIL2A_20211125T103351_N0500_R108_T30RYQ_20230106T072209.shp,ndvi,-1,-1,G:\Sentinel\Algeria\2021\autumn\utm_ndvi\UTM 30_N\S2B_MSIL1C_20210904T103619_N0500_R008_T30RYR_20230128T161100\S2B_MSIL1C_20210904T103619_N0500_R008_T30RYR_20230128T161100.shp,ndvi,-1,-1;Area "Area" true true false 32 Double 16 31,First,#,G:\Sentinel\Algeria\2021\autumn\utm_ndvi\UTM 30_N\S2A_MSIL1C_20211128T104411_N0500_R008_T30RYS_20230106T071146\S2A_MSIL1C_20211128T104411_N0500_R008_T30RYS_20230106T071146.shp,Area,-1,-1,G:\Sentinel\Algeria\2021\autumn\utm_ndvi\UTM 30_N\S2A_MSIL2A_20211125T103351_N0500_R108_T30RYQ_20230106T072209\S2A_MSIL2A_20211125T103351_N0500_R108_T30RYQ_20230106T072209.shp,Area,-1,-1,G:\Sentinel\Algeria\2021\autumn\utm_ndvi\UTM 30_N\S2B_MSIL1C_20210904T103619_N0500_R008_T30RYR_20230128T161100\S2B_MSIL1C_20210904T103619_N0500_R008_T30RYR_20230128T161100.shp,Area,-1,-1;Length "Length" true true false 32 Double 16 31,First,#,G:\Sentinel\Algeria\2021\autumn\utm_ndvi\UTM 30_N\S2A_MSIL1C_20211128T104411_N0500_R008_T30RYS_20230106T071146\S2A_MSIL1C_20211128T104411_N0500_R008_T30RYS_20230106T071146.shp,Length,-1,-1,G:\Sentinel\Algeria\2021\autumn\utm_ndvi\UTM 30_N\S2A_MSIL2A_20211125T103351_N0500_R108_T30RYQ_20230106T072209\S2A_MSIL2A_20211125T103351_N0500_R108_T30RYQ_20230106T072209.shp,Length,-1,-1,G:\Sentinel\Algeria\2021\autumn\utm_ndvi\UTM 30_N\S2B_MSIL1C_20210904T103619_N0500_R008_T30RYR_20230128T161100\S2B_MSIL1C_20210904T103619_N0500_R008_T30RYR_20230128T161100.shp,Length,-1,-1;Rate "Rate" true true false 32 Double 16 31,First,#,G:\Sentinel\Algeria\2021\autumn\utm_ndvi\UTM 30_N\S2A_MSIL1C_20211128T104411_N0500_R008_T30RYS_20230106T071146\S2A_MSIL1C_20211128T104411_N0500_R008_T30RYS_20230106T071146.shp,Rate,-1,-1,G:\Sentinel\Algeria\2021\autumn\utm_ndvi\UTM 30_N\S2A_MSIL2A_20211125T103351_N0500_R108_T30RYQ_20230106T072209\S2A_MSIL2A_20211125T103351_N0500_R108_T30RYQ_20230106T072209.shp,Rate,-1,-1,G:\Sentinel\Algeria\2021\autumn\utm_ndvi\UTM 30_N\S2B_MSIL1C_20210904T103619_N0500_R008_T30RYR_20230128T161100\S2B_MSIL1C_20210904T103619_N0500_R008_T30RYR_20230128T161100.shp,Rate,-1,-1" NO_SOURCE_INFO</Process><Process ToolSource="d:\arcgispro\pro\Resources\ArcToolbox\toolboxes\Data Management Tools.tbx\Dissolve" Date="20250310" Time="150910">Dissolve "G:\Sentinel\Algeria\2021\autumn\utm_processing_result_ndvi\UTM 30_N\UTM 30_N.shp" "G:\Sentinel\Algeria\2021\autumn\utm_processing_result_ndvi\UTM 30_N\UTM 30_N_dissolve.shp" # # SINGLE_PART DISSOLVE_LINES #</Process><Process ToolSource="d:\arcgispro\pro\Resources\ArcToolbox\toolboxes\Data Management Tools.tbx\Project" Date="20250310" Time="150910">Project "G:\Sentinel\Algeria\2021\autumn\utm_processing_result_ndvi\UTM 30_N\UTM 30_N_dissolve.shp" "G:\Sentinel\Algeria\2021\autumn\utm_processing_result_ndvi\UTM 30_N_Project.shp" GEOGCS["GCS_WGS_1984",DATUM["D_WGS_1984",SPHEROID["WGS_1984",6378137.0,298.257223563]],PRIMEM["Greenwich",0.0],UNIT["Degree",0.0174532925199433]] # PROJCS["WGS_1984_UTM_Zone_30N",GEOGCS["GCS_WGS_1984",DATUM["D_WGS_1984",SPHEROID["WGS_1984",6378137.0,298.257223563]],PRIMEM["Greenwich",0.0],UNIT["Degree",0.0174532925199433]],PROJECTION["Transverse_Mercator"],PARAMETER["False_Easting",500000.0],PARAMETER["False_Northing",0.0],PARAMETER["Central_Meridian",-3.0],PARAMETER["Scale_Factor",0.9996],PARAMETER["Latitude_Of_Origin",0.0],UNIT["Meter",1.0]] NO_PRESERVE_SHAPE # NO_VERTICAL</Process><Process ToolSource="d:\arcgispro\pro\Resources\ArcToolbox\toolboxes\Data Management Tools.tbx\Merge" Date="20250310" Time="150917">Merge 'G:\Sentinel\Algeria\2021\autumn\utm_processing_result_ndvi\UTM 30_N_Project.shp';'G:\Sentinel\Algeria\2021\autumn\utm_processing_result_ndvi\UTM 31_N_Project.shp';'G:\Sentinel\Algeria\2021\autumn\utm_processing_result_ndvi\UTM 32_N_Project.shp' G:\Sentinel\Algeria\2021\autumn\merge_dissolve_NDVI\2021_autumn_merge_ndvi10.shp "Id "Id" true true false 6 Long 0 6,First,#,G:\Sentinel\Algeria\2021\autumn\utm_processing_result_ndvi\UTM 30_N_Project.shp,Id,-1,-1,G:\Sentinel\Algeria\2021\autumn\utm_processing_result_ndvi\UTM 31_N_Project.shp,Id,-1,-1,G:\Sentinel\Algeria\2021\autumn\utm_processing_result_ndvi\UTM 32_N_Project.shp,Id,-1,-1" NO_SOURCE_INFO</Process><Process ToolSource="d:\arcgispro\pro\Resources\ArcToolbox\toolboxes\Data Management Tools.tbx\Dissolve" Date="20250310" Time="150918">Dissolve G:\Sentinel\Algeria\2021\autumn\merge_dissolve_NDVI\2021_autumn_merge_ndvi10.shp G:\Sentinel\Algeria\2021\autumn\merge_dissolve_NDVI\2021_autumn_dissolve_ndvi10.shp # # SINGLE_PART DISSOLVE_LINES #</Process><Process ToolSource="d:\arcgispro\pro\Resources\ArcToolbox\toolboxes\Data Management Tools.tbx\Merge" Date="20250314" Time="114042">Merge G:\Sentinel\Algeria\2021\dissolve_new\withNDVI\allSeasonResults\2021_autumn_dissolve_ndvi10.shp;G:\Sentinel\Algeria\2021\dissolve_new\withNDVI\allSeasonResults\2021_spring_dissolve_ndvi10.shp;G:\Sentinel\Algeria\2021\dissolve_new\withNDVI\allSeasonResults\2021_summer_dissolve_ndvi10.shp;G:\Sentinel\Algeria\2021\dissolve_new\withNDVI\allSeasonResults\2021_winter_lastYear_dissolve_ndvi10.shp G:\Sentinel\Algeria\2021\dissolve_new\withNDVI\results\2021_all_seasons_merge_with_ndvi.shp "Id "Id" true true false 6 Long 0 6,First,#,G:\Sentinel\Algeria\2021\dissolve_new\withNDVI\allSeasonResults\2021_autumn_dissolve_ndvi10.shp,Id,-1,-1,G:\Sentinel\Algeria\2021\dissolve_new\withNDVI\allSeasonResults\2021_spring_dissolve_ndvi10.shp,Id,-1,-1,G:\Sentinel\Algeria\2021\dissolve_new\withNDVI\allSeasonResults\2021_summer_dissolve_ndvi10.shp,Id,-1,-1,G:\Sentinel\Algeria\2021\dissolve_new\withNDVI\allSeasonResults\2021_winter_lastYear_dissolve_ndvi10.shp,Id,-1,-1" NO_SOURCE_INFO</Process><Process ToolSource="d:\arcgispro\pro\Resources\ArcToolbox\toolboxes\Data Management Tools.tbx\Dissolve" Date="20250314" Time="114044">Dissolve G:\Sentinel\Algeria\2021\dissolve_new\withNDVI\results\2021_all_seasons_merge_with_ndvi.shp G:\Sentinel\Algeria\2021\dissolve_new\withNDVI\results\2021_all_seasons_dissolve_with_ndvi.shp # # SINGLE_PART DISSOLVE_LINES #</Process><Process ToolSource="d:\arcgispro\pro\Resources\ArcToolbox\toolboxes\Data Management Tools.tbx\Merge" Date="20250331" Time="171039">Merge H:\detect\results\algeria\2021\algeria_2021_whole_year.shp;H:\detect\results\egypt\2021\egypt_2021_whole_year.shp;H:\detect\results\libya\2021\libya_2021_whole_year.shp;H:\detect\results\sudan\2021\sudan_2021_whole_year.shp;H:\detect\results\mauritania\2021\mauritania_2021_whole_year.shp;H:\detect\results\namibia\2021\namibia_2021_whole_year.shp;H:\detect\results\southAfrica\2021\southAfrica_2021_whole_year.shp;H:\detect\results\algeria_small\2021\algeria_small_2021_whole_year.shp H:\detect\results\total\2021\2021_total_merge_whole_year.shp "Id "Id" true true false 6 Long 0 6,First,#,H:\detect\results\algeria\2021\algeria_2021_whole_year.shp,Id,-1,-1,H:\detect\results\egypt\2021\egypt_2021_whole_year.shp,Id,-1,-1,H:\detect\results\libya\2021\libya_2021_whole_year.shp,Id,-1,-1,H:\detect\results\sudan\2021\sudan_2021_whole_year.shp,Id,-1,-1,H:\detect\results\mauritania\2021\mauritania_2021_whole_year.shp,Id,-1,-1,H:\detect\results\namibia\2021\namibia_2021_whole_year.shp,Id,-1,-1,H:\detect\results\southAfrica\2021\southAfrica_2021_whole_year.shp,Id,-1,-1,H:\detect\results\algeria_small\2021\algeria_small_2021_whole_year.shp,Id,-1,-1" NO_SOURCE_INFO</Process><Process ToolSource="d:\arcgispro\pro\Resources\ArcToolbox\toolboxes\Data Management Tools.tbx\Dissolve" Date="20250331" Time="171125">Dissolve H:\detect\results\total\2021\2021_total_merge_whole_year.shp H:\detect\results\total\2021\2021_total_dissolve_whole_year.shp # # SINGLE_PART DISSOLVE_LINES #</Process><Process ToolSource="d:\arcgispro\pro\Resources\ArcToolbox\toolboxes\Analysis Tools.tbx\Clip" Date="20250412" Time="163625">Clip H:\detect\results\total\2021\2021_total_dissolve_whole_year.shp H:\detect\CPIS_analysis\countries\Hyper_Arid_AF.shp H:\detect\CPIS_analysis\cpis\temp\2021_total_dissolve_whole_year.shp #</Process></lineage></DataProperties><SyncDate>20250412</SyncDate><SyncTime>16353400</SyncTime><ModDate>20250412</ModDate><ModTime>16353400</ModTime></Esri><dataIdInfo><envirDesc Sync="TRUE">Microsoft Windows 10 Version 10.0 (Build 22631) ; Esri ArcGIS 13.0.0.36056</envirDesc><dataLang><languageCode value="zho" Sync="TRUE"></languageCode><countryCode value="CHN" Sync="TRUE"></countryCode></dataLang><idCitation><resTitle Sync="TRUE">2021_total_dissolve_whole_year</resTitle><presForm><PresFormCd value="005" Sync="TRUE"></PresFormCd></presForm></idCitation><spatRpType><SpatRepTypCd value="001" Sync="TRUE"></SpatRepTypCd></spatRpType></dataIdInfo><mdLang><languageCode value="zho" Sync="TRUE"></languageCode><countryCode value="CHN" Sync="TRUE"></countryCode></mdLang><mdChar><CharSetCd value="004" Sync="TRUE"></CharSetCd></mdChar><distInfo><distFormat><formatName Sync="TRUE">Shapefile</formatName></distFormat><distTranOps><transSize Sync="TRUE">0.000</transSize></distTranOps></distInfo><mdHrLv><ScopeCd value="005" Sync="TRUE"></ScopeCd></mdHrLv><mdHrLvName Sync="TRUE">dataset</mdHrLvName><refSysInfo><RefSystem><refSysID><identCode code="4326" Sync="TRUE"></identCode><idCodeSpace Sync="TRUE">EPSG</idCodeSpace><idVersion Sync="TRUE">6.2(3.0.1)</idVersion></refSysID></RefSystem></refSysInfo><spatRepInfo><VectSpatRep><geometObjs Name="2021_total_dissolve_whole_year"><geoObjTyp><GeoObjTypCd value="002" Sync="TRUE"></GeoObjTypCd></geoObjTyp><geoObjCnt Sync="TRUE">0</geoObjCnt></geometObjs><topLvl><TopoLevCd value="001" Sync="TRUE"></TopoLevCd></topLvl></VectSpatRep></spatRepInfo><spdoinfo><ptvctinf><esriterm Name="2021_total_dissolve_whole_year"><efeatyp Sync="TRUE">Simple</efeatyp><efeageom code="4" Sync="TRUE"></efeageom><esritopo Sync="TRUE">FALSE</esritopo><efeacnt Sync="TRUE">0</efeacnt><spindex Sync="TRUE">FALSE</spindex><linrefer Sync="TRUE">FALSE</linrefer></esriterm></ptvctinf></spdoinfo><eainfo><detailed Name="2021_total_dissolve_whole_year"><enttyp><enttypl Sync="TRUE">2021_total_dissolve_whole_year</enttypl><enttypt Sync="TRUE">Feature Class</enttypt><enttypc Sync="TRUE">0</enttypc></enttyp><attr><attrlabl Sync="TRUE">FID</attrlabl><attalias Sync="TRUE">FID</attalias><attrtype Sync="TRUE">OID</attrtype><attwidth Sync="TRUE">4</attwidth><atprecis Sync="TRUE">0</atprecis><attscale Sync="TRUE">0</attscale><attrdef Sync="TRUE">Internal feature number.</attrdef><attrdefs Sync="TRUE">Esri</attrdefs><attrdomv><udom Sync="TRUE">Sequential unique whole numbers that are automatically generated.</udom></attrdomv></attr><attr><attrlabl Sync="TRUE">Shape</attrlabl><attalias Sync="TRUE">Shape</attalias><attrtype Sync="TRUE">Geometry</attrtype><attwidth Sync="TRUE">0</attwidth><atprecis Sync="TRUE">0</atprecis><attscale Sync="TRUE">0</attscale><attrdef Sync="TRUE">Feature geometry.</attrdef><attrdefs Sync="TRUE">Esri</attrdefs><attrdomv><udom Sync="TRUE">Coordinates defining the features.</udom></attrdomv></attr><attr><attrlabl Sync="TRUE">Id</attrlabl><attalias Sync="TRUE">Id</attalias><attrtype Sync="TRUE">Integer</attrtype><attwidth Sync="TRUE">6</attwidth><atprecis Sync="TRUE">6</atprecis><attscale Sync="TRUE">0</attscale></attr></detailed></eainfo><mdDateSt Sync="TRUE">20250412</mdDateSt></metadata>
