<?xml version="1.0" encoding="UTF-8"?>
<metadata xml:lang="zh"><Esri><CreaDate>20240410</CreaDate><CreaTime>17572500</CreaTime><ArcGISFormat>1.0</ArcGISFormat><SyncOnce>FALSE</SyncOnce><DataProperties><itemProps><itemName Sync="TRUE">1995_total_dissolve_whole_year</itemName><imsContentType Sync="TRUE">002</imsContentType><itemSize Sync="TRUE">0.000</itemSize><itemLocation><linkage Sync="TRUE">file://\\DESKTOP-QNBOELV\H$\detect\CPIS_analysis\cpis\total_dissolve_hyperArid\1995_total_dissolve_whole_year.shp</linkage><protocol Sync="TRUE">Local Area Network</protocol></itemLocation></itemProps><coordRef><type Sync="TRUE">Geographic</type><geogcsn Sync="TRUE">GCS_WGS_1984</geogcsn><csUnits Sync="TRUE">Angular Unit: Degree (0.017453)</csUnits><peXml Sync="TRUE">&lt;GeographicCoordinateSystem xsi:type='typens:GeographicCoordinateSystem' xmlns:xsi='http://www.w3.org/2001/XMLSchema-instance' xmlns:xs='http://www.w3.org/2001/XMLSchema' xmlns:typens='http://www.esri.com/schemas/ArcGIS/10.7'&gt;&lt;WKT&gt;GEOGCS[&amp;quot;GCS_WGS_1984&amp;quot;,DATUM[&amp;quot;D_WGS_1984&amp;quot;,SPHEROID[&amp;quot;WGS_1984&amp;quot;,6378137.0,298.257223563]],PRIMEM[&amp;quot;Greenwich&amp;quot;,0.0],UNIT[&amp;quot;Degree&amp;quot;,0.0174532925199433],AUTHORITY[&amp;quot;EPSG&amp;quot;,4326]]&lt;/WKT&gt;&lt;XOrigin&gt;-400&lt;/XOrigin&gt;&lt;YOrigin&gt;-400&lt;/YOrigin&gt;&lt;XYScale&gt;11258999068426.238&lt;/XYScale&gt;&lt;ZOrigin&gt;-100000&lt;/ZOrigin&gt;&lt;ZScale&gt;10000&lt;/ZScale&gt;&lt;MOrigin&gt;-100000&lt;/MOrigin&gt;&lt;MScale&gt;10000&lt;/MScale&gt;&lt;XYTolerance&gt;8.983152841195215e-09&lt;/XYTolerance&gt;&lt;ZTolerance&gt;0.001&lt;/ZTolerance&gt;&lt;MTolerance&gt;0.001&lt;/MTolerance&gt;&lt;HighPrecision&gt;true&lt;/HighPrecision&gt;&lt;LeftLongitude&gt;-180&lt;/LeftLongitude&gt;&lt;WKID&gt;4326&lt;/WKID&gt;&lt;LatestWKID&gt;4326&lt;/LatestWKID&gt;&lt;/GeographicCoordinateSystem&gt;</peXml></coordRef><lineage><Process ToolSource="d:\desktop10.7\ArcToolbox\Toolboxes\Data Management Tools.tbx\CopyFeatures" Date="20240410" Time="174026">CopyFeatures lyr "H:\detect\Algeria\1995\autumn\utm_addNDVI\UTM 31_N\LT05_L1TP_194037_19951120_20200912_02_T1\LT05_L1TP_194037_19951120_20200912_02_T1_selectedAllCPIS.shp" # 0 0 0</Process><Process ToolSource="d:\desktop10.7\ArcToolbox\Toolboxes\Data Management Tools.tbx\CopyFeatures" Date="20240410" Time="175041">CopyFeatures lyr "H:\detect\Algeria\1995\autumn\utm_addNDVI\UTM 31_N\LT05_L1TP_194037_19951120_20200912_02_T1\LT05_L1TP_194037_19951120_20200912_02_T1_ndvi10.shp" # 0 0 0</Process><Process ToolSource="d:\desktop10.7\ArcToolbox\Toolboxes\Data Management Tools.tbx\Merge" Date="20240410" Time="175725">Merge 'H:\detect\Algeria\1995\autumn\utm_addNDVI\UTM 31_N\LT05_L1TP_194037_19951120_20200912_02_T1\LT05_L1TP_194037_19951120_20200912_02_T1_ndvi10.shp';'H:\detect\Algeria\1995\autumn\utm_addNDVI\UTM 31_N\LT05_L1TP_194038_19951120_20200912_02_T1\LT05_L1TP_194038_19951120_20200912_02_T1_ndvi10.shp';'H:\detect\Algeria\1995\autumn\utm_addNDVI\UTM 31_N\LT05_L1TP_195039_19951026_20200912_02_T1\LT05_L1TP_195039_19951026_20200912_02_T1_ndvi10.shp';'H:\detect\Algeria\1995\autumn\utm_addNDVI\UTM 31_N\LT05_L1TP_196040_19951001_20200912_02_T1\LT05_L1TP_196040_19951001_20200912_02_T1_ndvi10.shp';'H:\detect\Algeria\1995\autumn\utm_addNDVI\UTM 31_N\LT05_L1TP_196041_19951001_20200912_02_T1\LT05_L1TP_196041_19951001_20200912_02_T1_ndvi10.shp' "H:\detect\Algeria\1995\autumn\utm_processing_result_selectedByAddNDVI\UTM 31_N\UTM 31_N.shp" "score "score" true true false 32 Text 0 0 ,First,#,H:\detect\Algeria\1995\autumn\utm_addNDVI\UTM 31_N\LT05_L1TP_194037_19951120_20200912_02_T1\LT05_L1TP_194037_19951120_20200912_02_T1_ndvi10.shp,score,-1,-1,H:\detect\Algeria\1995\autumn\utm_addNDVI\UTM 31_N\LT05_L1TP_194038_19951120_20200912_02_T1\LT05_L1TP_194038_19951120_20200912_02_T1_ndvi10.shp,score,-1,-1,H:\detect\Algeria\1995\autumn\utm_addNDVI\UTM 31_N\LT05_L1TP_195039_19951026_20200912_02_T1\LT05_L1TP_195039_19951026_20200912_02_T1_ndvi10.shp,score,-1,-1,H:\detect\Algeria\1995\autumn\utm_addNDVI\UTM 31_N\LT05_L1TP_196040_19951001_20200912_02_T1\LT05_L1TP_196040_19951001_20200912_02_T1_ndvi10.shp,score,-1,-1,H:\detect\Algeria\1995\autumn\utm_addNDVI\UTM 31_N\LT05_L1TP_196041_19951001_20200912_02_T1\LT05_L1TP_196041_19951001_20200912_02_T1_ndvi10.shp,score,-1,-1;ndvi "ndvi" true true false 19 Double 16 18 ,First,#,H:\detect\Algeria\1995\autumn\utm_addNDVI\UTM 31_N\LT05_L1TP_194037_19951120_20200912_02_T1\LT05_L1TP_194037_19951120_20200912_02_T1_ndvi10.shp,ndvi,-1,-1,H:\detect\Algeria\1995\autumn\utm_addNDVI\UTM 31_N\LT05_L1TP_194038_19951120_20200912_02_T1\LT05_L1TP_194038_19951120_20200912_02_T1_ndvi10.shp,ndvi,-1,-1,H:\detect\Algeria\1995\autumn\utm_addNDVI\UTM 31_N\LT05_L1TP_195039_19951026_20200912_02_T1\LT05_L1TP_195039_19951026_20200912_02_T1_ndvi10.shp,ndvi,-1,-1,H:\detect\Algeria\1995\autumn\utm_addNDVI\UTM 31_N\LT05_L1TP_196040_19951001_20200912_02_T1\LT05_L1TP_196040_19951001_20200912_02_T1_ndvi10.shp,ndvi,-1,-1,H:\detect\Algeria\1995\autumn\utm_addNDVI\UTM 31_N\LT05_L1TP_196041_19951001_20200912_02_T1\LT05_L1TP_196041_19951001_20200912_02_T1_ndvi10.shp,ndvi,-1,-1;Area "Area" true true false 19 Double 16 18 ,First,#,H:\detect\Algeria\1995\autumn\utm_addNDVI\UTM 31_N\LT05_L1TP_194037_19951120_20200912_02_T1\LT05_L1TP_194037_19951120_20200912_02_T1_ndvi10.shp,Area,-1,-1,H:\detect\Algeria\1995\autumn\utm_addNDVI\UTM 31_N\LT05_L1TP_194038_19951120_20200912_02_T1\LT05_L1TP_194038_19951120_20200912_02_T1_ndvi10.shp,Area,-1,-1,H:\detect\Algeria\1995\autumn\utm_addNDVI\UTM 31_N\LT05_L1TP_195039_19951026_20200912_02_T1\LT05_L1TP_195039_19951026_20200912_02_T1_ndvi10.shp,Area,-1,-1,H:\detect\Algeria\1995\autumn\utm_addNDVI\UTM 31_N\LT05_L1TP_196040_19951001_20200912_02_T1\LT05_L1TP_196040_19951001_20200912_02_T1_ndvi10.shp,Area,-1,-1,H:\detect\Algeria\1995\autumn\utm_addNDVI\UTM 31_N\LT05_L1TP_196041_19951001_20200912_02_T1\LT05_L1TP_196041_19951001_20200912_02_T1_ndvi10.shp,Area,-1,-1;Length "Length" true true false 19 Double 16 18 ,First,#,H:\detect\Algeria\1995\autumn\utm_addNDVI\UTM 31_N\LT05_L1TP_194037_19951120_20200912_02_T1\LT05_L1TP_194037_19951120_20200912_02_T1_ndvi10.shp,Length,-1,-1,H:\detect\Algeria\1995\autumn\utm_addNDVI\UTM 31_N\LT05_L1TP_194038_19951120_20200912_02_T1\LT05_L1TP_194038_19951120_20200912_02_T1_ndvi10.shp,Length,-1,-1,H:\detect\Algeria\1995\autumn\utm_addNDVI\UTM 31_N\LT05_L1TP_195039_19951026_20200912_02_T1\LT05_L1TP_195039_19951026_20200912_02_T1_ndvi10.shp,Length,-1,-1,H:\detect\Algeria\1995\autumn\utm_addNDVI\UTM 31_N\LT05_L1TP_196040_19951001_20200912_02_T1\LT05_L1TP_196040_19951001_20200912_02_T1_ndvi10.shp,Length,-1,-1,H:\detect\Algeria\1995\autumn\utm_addNDVI\UTM 31_N\LT05_L1TP_196041_19951001_20200912_02_T1\LT05_L1TP_196041_19951001_20200912_02_T1_ndvi10.shp,Length,-1,-1;Rate "Rate" true true false 19 Double 16 18 ,First,#,H:\detect\Algeria\1995\autumn\utm_addNDVI\UTM 31_N\LT05_L1TP_194037_19951120_20200912_02_T1\LT05_L1TP_194037_19951120_20200912_02_T1_ndvi10.shp,Rate,-1,-1,H:\detect\Algeria\1995\autumn\utm_addNDVI\UTM 31_N\LT05_L1TP_194038_19951120_20200912_02_T1\LT05_L1TP_194038_19951120_20200912_02_T1_ndvi10.shp,Rate,-1,-1,H:\detect\Algeria\1995\autumn\utm_addNDVI\UTM 31_N\LT05_L1TP_195039_19951026_20200912_02_T1\LT05_L1TP_195039_19951026_20200912_02_T1_ndvi10.shp,Rate,-1,-1,H:\detect\Algeria\1995\autumn\utm_addNDVI\UTM 31_N\LT05_L1TP_196040_19951001_20200912_02_T1\LT05_L1TP_196040_19951001_20200912_02_T1_ndvi10.shp,Rate,-1,-1,H:\detect\Algeria\1995\autumn\utm_addNDVI\UTM 31_N\LT05_L1TP_196041_19951001_20200912_02_T1\LT05_L1TP_196041_19951001_20200912_02_T1_ndvi10.shp,Rate,-1,-1"</Process><Process ToolSource="d:\desktop10.7\ArcToolbox\Toolboxes\Data Management Tools.tbx\Dissolve" Date="20240410" Time="175725">Dissolve "H:\detect\Algeria\1995\autumn\utm_processing_result_selectedByAddNDVI\UTM 31_N\UTM 31_N.shp" "H:\detect\Algeria\1995\autumn\utm_processing_result_selectedByAddNDVI\UTM 31_N\UTM 31_N_dissolve.shp" # # SINGLE_PART DISSOLVE_LINES</Process><Process ToolSource="d:\desktop10.7\ArcToolbox\Toolboxes\Data Management Tools.tbx\Project" Date="20240410" Time="175725">Project "H:\detect\Algeria\1995\autumn\utm_processing_result_selectedByAddNDVI\UTM 31_N\UTM 31_N_dissolve.shp" "H:\detect\Algeria\1995\autumn\utm_processing_result_selectedByAddNDVI\UTM 31_N_Project.shp" GEOGCS['GCS_WGS_1984',DATUM['D_WGS_1984',SPHEROID['WGS_1984',6378137.0,298.257223563]],PRIMEM['Greenwich',0.0],UNIT['Degree',0.0174532925199433]] # PROJCS['WGS_1984_UTM_Zone_31N',GEOGCS['GCS_WGS_1984',DATUM['D_WGS_1984',SPHEROID['WGS_1984',6378137.0,298.257223563]],PRIMEM['Greenwich',0.0],UNIT['Degree',0.0174532925199433]],PROJECTION['Transverse_Mercator'],PARAMETER['False_Easting',500000.0],PARAMETER['False_Northing',0.0],PARAMETER['Central_Meridian',3.0],PARAMETER['Scale_Factor',0.9996],PARAMETER['Latitude_Of_Origin',0.0],UNIT['Meter',1.0]] NO_PRESERVE_SHAPE # NO_VERTICAL</Process><Process ToolSource="d:\desktop10.7\ArcToolbox\Toolboxes\Data Management Tools.tbx\Merge" Date="20240410" Time="175726">Merge 'H:\detect\Algeria\1995\autumn\utm_processing_result_selectedByAddNDVI\UTM 31_N_Project.shp';'H:\detect\Algeria\1995\autumn\utm_processing_result_selectedByAddNDVI\UTM 32_N_Project.shp' H:\detect\Algeria\1995\autumn\merge_dissolve_selectedByAddNDVI\1995_autumn_merge_selectedByAddNDVI.shp "Id "Id" true true false 6 Long 0 6 ,First,#,H:\detect\Algeria\1995\autumn\utm_processing_result_selectedByAddNDVI\UTM 31_N_Project.shp,Id,-1,-1,H:\detect\Algeria\1995\autumn\utm_processing_result_selectedByAddNDVI\UTM 32_N_Project.shp,Id,-1,-1"</Process><Process ToolSource="d:\desktop10.7\ArcToolbox\Toolboxes\Data Management Tools.tbx\Dissolve" Date="20240410" Time="175727">Dissolve H:\detect\Algeria\1995\autumn\merge_dissolve_selectedByAddNDVI\1995_autumn_merge_selectedByAddNDVI.shp H:\detect\Algeria\1995\autumn\merge_dissolve_selectedByAddNDVI\1995_autumn_dissolve_selectedByAddNDVI.shp # # SINGLE_PART DISSOLVE_LINES</Process><Process ToolSource="d:\desktop10.7\ArcToolbox\Toolboxes\Data Management Tools.tbx\Merge" Date="20240410" Time="175938">Merge H:\detect\Algeria\1995\dissolve_new\withNDVI\allSeasonResults\1995_autumn_dissolve_selectedByAddNDVI.shp;H:\detect\Algeria\1995\dissolve_new\withNDVI\allSeasonResults\1995_spring_dissolve_selectedByAddNDVI.shp;H:\detect\Algeria\1995\dissolve_new\withNDVI\allSeasonResults\1995_summer_dissolve_selectedByAddNDVI.shp;H:\detect\Algeria\1995\dissolve_new\withNDVI\allSeasonResults\1995_winter_lastYear_dissolve_selectedByAddNDVI.shp H:\detect\Algeria\1995\dissolve_new\withNDVI\results\1995_all_seasons_merge_with_ndvi.shp "Id "Id" true true false 6 Long 0 6 ,First,#,H:\detect\Algeria\1995\dissolve_new\withNDVI\allSeasonResults\1995_autumn_dissolve_selectedByAddNDVI.shp,Id,-1,-1,H:\detect\Algeria\1995\dissolve_new\withNDVI\allSeasonResults\1995_spring_dissolve_selectedByAddNDVI.shp,Id,-1,-1,H:\detect\Algeria\1995\dissolve_new\withNDVI\allSeasonResults\1995_summer_dissolve_selectedByAddNDVI.shp,Id,-1,-1,H:\detect\Algeria\1995\dissolve_new\withNDVI\allSeasonResults\1995_winter_lastYear_dissolve_selectedByAddNDVI.shp,Id,-1,-1"</Process><Process ToolSource="d:\desktop10.7\ArcToolbox\Toolboxes\Data Management Tools.tbx\Dissolve" Date="20240410" Time="175939">Dissolve H:\detect\Algeria\1995\dissolve_new\withNDVI\results\1995_all_seasons_merge_with_ndvi.shp H:\detect\Algeria\1995\dissolve_new\withNDVI\results\1995_all_seasons_dissolve_with_ndvi.shp # # SINGLE_PART DISSOLVE_LINES</Process><Process ToolSource="d:\desktop10.7\ArcToolbox\Toolboxes\Data Management Tools.tbx\Merge" Date="20240415" Time="175046">Merge H:\detect\results\algeria\1995\algeria_1995_whole_year.shp;H:\detect\results\egypt\1995\egypt_1995_whole_year.shp;H:\detect\results\libya\1995\libya_1995_whole_year.shp;H:\detect\results\namibia\1995\namibia_1995_whole_year.shp;H:\detect\results\southAfrica\1995\southAfrica_1995_whole_year.shp H:\detect\results\total_temp\1995\1995_total_merge_whole_year.shp "Id "Id" true true false 6 Long 0 6 ,First,#,H:\detect\results\algeria\1995\algeria_1995_whole_year.shp,Id,-1,-1,H:\detect\results\egypt\1995\egypt_1995_whole_year.shp,Id,-1,-1,H:\detect\results\libya\1995\libya_1995_whole_year.shp,Id,-1,-1,H:\detect\results\namibia\1995\namibia_1995_whole_year.shp,Id,-1,-1,H:\detect\results\southAfrica\1995\southAfrica_1995_whole_year.shp,Id,-1,-1"</Process><Process ToolSource="d:\desktop10.7\ArcToolbox\Toolboxes\Data Management Tools.tbx\Dissolve" Date="20240415" Time="175051">Dissolve H:\detect\results\total_temp\1995\1995_total_merge_whole_year.shp H:\detect\results\total_temp\1995\1995_total_dissolve_whole_year.shp # # SINGLE_PART DISSOLVE_LINES</Process><Process ToolSource="d:\desktop10.7\ArcToolbox\Toolboxes\Analysis Tools.tbx\Clip" Date="20240507" Time="143008">Clip H:\detect\CPIS_analysis\cpis\total_dissolve\1995_total_dissolve_whole_year.shp H:\detect\CPIS_analysis\countries\Hyper_Arid_AF.shp H:\detect\CPIS_analysis\cpis\total_dissolve_hyperArid\1995_total_dissolve_whole_year.shp #</Process></lineage></DataProperties><SyncDate>20240507</SyncDate><SyncTime>14300100</SyncTime><ModDate>20240507</ModDate><ModTime>14300100</ModTime></Esri><dataIdInfo><envirDesc Sync="TRUE"> Version 6.2 (Build 9200) ; Esri ArcGIS 10.7.0.10450</envirDesc><dataLang><languageCode value="zho" Sync="TRUE"></languageCode><countryCode value="CHN" Sync="TRUE"></countryCode></dataLang><idCitation><resTitle Sync="TRUE">1995_total_dissolve_whole_year</resTitle><presForm><PresFormCd value="005" Sync="TRUE"></PresFormCd></presForm></idCitation><spatRpType><SpatRepTypCd value="001" Sync="TRUE"></SpatRepTypCd></spatRpType></dataIdInfo><mdLang><languageCode value="zho" Sync="TRUE"></languageCode><countryCode value="CHN" Sync="TRUE"></countryCode></mdLang><mdChar><CharSetCd value="004" Sync="TRUE"></CharSetCd></mdChar><distInfo><distFormat><formatName Sync="TRUE">Shapefile</formatName></distFormat><distTranOps><transSize Sync="TRUE">0.000</transSize></distTranOps></distInfo><mdHrLv><ScopeCd value="005" Sync="TRUE"></ScopeCd></mdHrLv><mdHrLvName Sync="TRUE">dataset</mdHrLvName><refSysInfo><RefSystem><refSysID><identCode code="4326" Sync="TRUE"></identCode><idCodeSpace Sync="TRUE">EPSG</idCodeSpace><idVersion Sync="TRUE">6.14(3.0.1)</idVersion></refSysID></RefSystem></refSysInfo><spatRepInfo><VectSpatRep><geometObjs Name="1995_total_dissolve_whole_year"><geoObjTyp><GeoObjTypCd value="002" Sync="TRUE"></GeoObjTypCd></geoObjTyp><geoObjCnt Sync="TRUE">0</geoObjCnt></geometObjs><topLvl><TopoLevCd value="001" Sync="TRUE"></TopoLevCd></topLvl></VectSpatRep></spatRepInfo><spdoinfo><ptvctinf><esriterm Name="1995_total_dissolve_whole_year"><efeatyp Sync="TRUE">Simple</efeatyp><efeageom code="4" Sync="TRUE"></efeageom><esritopo Sync="TRUE">FALSE</esritopo><efeacnt Sync="TRUE">0</efeacnt><spindex Sync="TRUE">FALSE</spindex><linrefer Sync="TRUE">FALSE</linrefer></esriterm></ptvctinf></spdoinfo><eainfo><detailed Name="1995_total_dissolve_whole_year"><enttyp><enttypl Sync="TRUE">1995_total_dissolve_whole_year</enttypl><enttypt Sync="TRUE">Feature Class</enttypt><enttypc Sync="TRUE">0</enttypc></enttyp><attr><attrlabl Sync="TRUE">FID</attrlabl><attalias Sync="TRUE">FID</attalias><attrtype Sync="TRUE">OID</attrtype><attwidth Sync="TRUE">4</attwidth><atprecis Sync="TRUE">0</atprecis><attscale Sync="TRUE">0</attscale><attrdef Sync="TRUE">Internal feature number.</attrdef><attrdefs Sync="TRUE">Esri</attrdefs><attrdomv><udom Sync="TRUE">Sequential unique whole numbers that are automatically generated.</udom></attrdomv></attr><attr><attrlabl Sync="TRUE">Shape</attrlabl><attalias Sync="TRUE">Shape</attalias><attrtype Sync="TRUE">Geometry</attrtype><attwidth Sync="TRUE">0</attwidth><atprecis Sync="TRUE">0</atprecis><attscale Sync="TRUE">0</attscale><attrdef Sync="TRUE">Feature geometry.</attrdef><attrdefs Sync="TRUE">Esri</attrdefs><attrdomv><udom Sync="TRUE">Coordinates defining the features.</udom></attrdomv></attr><attr><attrlabl Sync="TRUE">Id</attrlabl><attalias Sync="TRUE">Id</attalias><attrtype Sync="TRUE">Integer</attrtype><attwidth Sync="TRUE">6</attwidth><atprecis Sync="TRUE">6</atprecis><attscale Sync="TRUE">0</attscale></attr></detailed></eainfo><mdDateSt Sync="TRUE">20240507</mdDateSt></metadata>
